TractID,TotalPopulation,TotalPop18plus,Mammography_Pct,Mammography_CI_Low,Mammography_CI_High,Uninsured_Pct,Uninsured_CI_Low,Uninsured_CI_High,Geolocation
25025000101,1876,1723,85.5,81.7,89.0,3.2,2.5,4.4,POINT (-71.133051 42.3608778)
25025000102,3714,3110,82.9,78.6,86.8,6.5,5.0,8.7,POINT (-71.1439885 42.3590809)
25025000201,3953,3545,84.2,79.9,88.0,4.6,3.1,7.0,POINT (-71.1611678 42.3540651)
25025000202,4148,3520,83.9,79.7,87.7,6.7,4.7,9.4,POINT (-71.1543443 42.3526051)
25025000301,3136,2872,86.4,82.6,89.5,3.9,2.6,6.1,POINT (-71.16882 42.3541444)
25025000302,3072,2822,85.3,81.4,88.8,3.5,2.6,4.9,POINT (-71.1676864 42.3472585)
25025000401,5853,5439,85.6,81.7,89.1,4.2,3.1,6.3,POINT (-71.1492929 42.3438495)
25025000402,3644,3218,84.8,80.8,88.4,3.6,2.6,5.0,POINT (-71.1588288 42.3441742)
25025000502,6986,6744,83.0,78.6,87.1,4.0,3.2,5.1,POINT (-71.1574973 42.3315048)
25025000503,2418,2340,85.3,81.3,88.8,3.2,2.5,4.4,POINT (-71.1500865 42.3396411)
25025000505,2196,2079,83.7,79.2,87.4,3.6,2.8,4.8,POINT (-71.1411123 42.3431835)
25025000506,2895,2772,84.6,80.5,88.1,3.5,2.7,5.3,POINT (-71.1459005 42.3401535)
25025000601,3758,3417,84.3,80.2,87.9,4.7,3.3,6.9,POINT (-71.1456705 42.350982)
25025000603,1757,1460,79.2,74.0,83.8,8.1,6.3,10.2,POINT (-71.1449263 42.3476014)
25025000604,2591,2390,82.9,78.4,86.8,5.4,4.2,6.9,POINT (-71.1397725 42.351044)
25025000701,4517,4319,84.2,80.0,87.9,3.3,2.6,4.3,POINT (-71.1379847 42.346958)
25025000703,2442,2360,83.1,78.7,87.0,4.2,3.3,5.4,POINT (-71.1282176 42.3513284)
25025000704,5312,4929,83.0,78.5,87.0,4.2,3.1,5.9,POINT (-71.1334045 42.3500028)
25025000804,3813,3298,85.3,81.3,88.8,5.2,4.0,6.7,POINT (-71.1308995 42.3586255)
25025000805,4616,4327,81.7,77.0,85.9,4.9,3.8,6.4,POINT (-71.1278821 42.3539909)
25025000806,1972,1844,84.1,79.8,87.9,4.6,3.6,5.8,POINT (-71.1264765 42.3636765)
25025000807,2282,2269,72.5,66.2,78.4,8.8,7.4,10.4,POINT (-71.1168882 42.3524656)
25025010103,4697,4667,80.2,75.1,84.9,4.9,3.8,6.2,POINT (-71.1034992 42.3498504)
25025010104,5063,4946,82.0,77.2,86.1,4.5,3.5,5.8,POINT (-71.0937493 42.34943)
25025010204,3443,3346,82.1,77.3,86.2,5.4,4.2,6.9,POINT (-71.1034355 42.3464726)
25025010205,4906,4646,84.9,80.9,88.5,3.7,2.8,5.2,POINT (-71.0994449 42.3432726)
25025010206,2154,2075,82.4,77.7,86.5,4.9,3.6,6.6,POINT (-71.0942317 42.346504)
25025010300,5186,5142,83.4,78.9,87.4,4.3,3.3,5.6,POINT (-71.1018257 42.339422)
25025010403,3179,3041,79.9,74.9,84.4,5.1,4.0,6.6,POINT (-71.0880611 42.345075)
25025010404,5747,5609,81.4,76.6,85.7,6.0,4.5,8.0,POINT (-71.0886377 42.3419678)
25025010405,6853,6707,79.7,74.8,84.2,6.3,4.8,9.1,POINT (-71.0895958 42.3398656)
25025010408,1438,1389,84.0,79.6,87.7,4.1,3.1,5.6,POINT (-71.0958461 42.3431682)
25025010500,3876,3697,83.3,78.9,87.1,4.3,3.2,5.7,POINT (-71.0843482 42.3444618)
25025010600,3529,3239,86.0,82.2,89.3,2.9,2.3,3.6,POINT (-71.0793745 42.3476422)
25025010701,2543,2405,86.7,82.9,89.9,2.7,2.2,3.4,POINT (-71.0838784 42.3497199)
25025010702,2328,2166,86.5,82.8,89.8,2.3,1.8,2.9,POINT (-71.0755131 42.3518383)
25025010801,2856,2711,87.0,83.3,90.2,2.8,2.2,3.6,POINT (-71.0769092 42.3541707)
25025010802,3058,2824,86.9,83.3,90.1,2.2,1.7,2.9,POINT (-71.0857007 42.3515155)
25025020101,4235,3812,87.9,84.5,90.9,2.0,1.7,2.5,POINT (-71.0693336 42.3577451)
25025020200,3804,3608,87.4,83.9,90.5,2.9,2.2,4.6,POINT (-71.0685049 42.3602609)
25025020301,2166,2023,87.2,83.6,90.3,3.2,2.4,4.4,POINT (-71.0686464 42.3631736)
25025020302,1293,1179,83.8,79.5,87.6,2.5,2.0,3.7,POINT (-71.0639956 42.3593442)
25025020304,1906,1740,84.5,80.4,88.2,3.4,2.5,4.8,POINT (-71.0609927 42.3640512)
25025020305,3633,3335,83.8,79.6,87.5,3.3,2.4,4.7,POINT (-71.0645674 42.366777)
25025030100,2115,2023,86.3,82.6,89.5,2.7,2.0,4.5,POINT (-71.0561403 42.3669373)
25025030200,1815,1742,87.4,83.8,90.5,3.0,2.1,4.7,POINT (-71.0570125 42.3646862)
25025030301,1385,1258,88.0,84.5,90.9,1.8,1.5,2.2,POINT (-71.0492086 42.3599516)
25025030302,1844,1745,82.0,77.3,86.2,4.0,3.3,5.0,POINT (-71.0577232 42.3601404)
25025030400,4160,3912,86.4,82.8,89.7,2.6,2.0,3.6,POINT (-71.0536706 42.3637112)
25025030500,2715,2559,85.5,81.5,89.1,2.6,1.9,3.7,POINT (-71.0515811 42.3675671)
25025040100,2360,2023,84.2,80.2,87.9,2.6,1.8,4.0,POINT (-71.0597515 42.3730476)
25025040200,1594,1156,83.9,79.8,87.7,6.5,4.9,8.5,POINT (-71.0567739 42.376905)
25025040300,4525,3574,82.4,77.7,86.5,2.9,2.1,4.4,POINT (-71.0633901 42.3787362)
25025040401,2922,2384,81.9,77.4,86.1,4.0,2.9,5.5,POINT (-71.0665218 42.3740347)
25025040600,3683,3175,87.1,83.5,90.3,2.7,2.0,4.0,POINT (-71.0698352 42.3832248)
25025040801,4036,3349,83.3,78.8,87.0,4.9,3.6,6.4,POINT (-71.0518705 42.3789064)
25025050101,4917,3808,78.3,73.1,83.2,16.5,12.2,20.6,POINT (-71.0397908 42.3816657)
25025050200,5197,4077,77.9,72.6,82.6,14.1,10.1,18.7,POINT (-71.0357577 42.3775778)
25025050300,3258,2777,82.9,78.4,86.7,8.5,6.2,11.1,POINT (-71.0434118 42.3722392)
25025050400,2372,2021,82.0,77.5,86.1,11.4,8.4,14.6,POINT (-71.0379019 42.3682184)
25025050500,2174,1820,80.3,75.4,84.7,8.4,6.2,11.1,POINT (-71.031925 42.3708587)
25025050600,2074,1712,83.9,79.7,87.7,13.0,9.4,16.7,POINT (-71.0372787 42.3719233)
25025050700,4520,3529,77.8,72.4,82.6,12.6,9.2,16.3,POINT (-71.0332347 42.3753741)
25025050901,4242,3268,79.7,74.6,84.4,14.5,10.6,18.4,POINT (-71.0295001 42.3819368)
25025051000,4317,3508,83.8,79.7,87.5,9.3,6.9,12.0,POINT (-71.0161271 42.3873027)
25025051101,6460,5274,79.6,74.6,84.0,10.7,8.3,13.5,POINT (-71.0043188 42.3854556)
25025051200,3454,2965,86.6,82.9,89.9,5.1,3.7,6.9,POINT (-71.0364673 42.364448)
25025060101,3673,3314,87.3,83.8,90.3,2.6,1.8,3.9,POINT (-71.0279302 42.3347618)
25025060200,2328,2123,87.4,83.8,90.5,2.6,1.8,4.1,POINT (-71.0326799 42.3325583)
25025060301,3609,3278,87.0,83.4,90.2,2.9,2.1,4.6,POINT (-71.0369483 42.3334669)
25025060400,5195,4801,85.4,81.4,88.8,2.8,1.9,4.8,POINT (-71.0428981 42.3323988)
25025060501,4733,4312,86.8,83.2,90.1,3.0,2.0,4.9,POINT (-71.0382133 42.3368686)
25025060601,2006,1856,85.8,81.9,89.1,2.9,2.0,4.9,POINT (-71.0489604 42.3392514)
25025060603,1502,1417,87.5,84.0,90.5,2.2,1.8,2.8,POINT (-71.041147 42.3477038)
25025060604,2803,2678,86.7,82.9,90.0,2.1,1.7,2.9,POINT (-71.0384635 42.350768)
25025060700,1689,1165,75.8,70.1,80.9,16.4,13.3,19.9,POINT (-71.0539041 42.3385217)
25025060800,4859,4502,86.4,82.7,89.6,2.9,2.1,4.2,POINT (-71.0514885 42.3353908)
25025061000,2416,1933,81.0,76.2,85.2,7.6,5.5,10.2,POINT (-71.0499288 42.3317196)
25025061101,2710,1990,76.5,71.0,81.8,12.1,9.7,14.7,POINT (-71.0542968 42.3262844)
25025061201,2013,1882,85.5,81.6,88.8,3.3,2.5,4.5,POINT (-71.0576503 42.3326075)
25025061203,2686,2458,86.6,82.7,89.8,2.8,2.0,4.4,POINT (-71.0566283 42.3416085)
25025061204,937,876,87.9,84.5,90.9,1.9,1.6,2.4,POINT (-71.0532683 42.3457244)
25025070102,3687,3537,82.2,77.7,86.4,5.8,4.4,7.8,POINT (-71.0617639 42.3556883)
25025070103,751,623,83.9,79.3,87.8,4.1,2.8,5.7,POINT (-71.0598082 42.3478532)
25025070104,2862,2576,83.9,79.6,87.7,3.1,2.6,3.8,POINT (-71.0562868 42.3523203)
25025070201,3990,3859,79.8,74.6,84.4,6.5,4.5,9.5,POINT (-71.0653769 42.3500054)
25025070202,5460,4854,82.0,77.4,86.1,6.9,5.4,8.6,POINT (-71.0619598 42.3500656)
25025070301,2213,1999,86.5,82.6,89.7,2.8,2.1,4.0,POINT (-71.0716357 42.346324)
25025070302,2090,1911,85.8,82.0,89.3,4.5,3.2,6.2,POINT (-71.0694197 42.3499539)
25025070402,3561,3251,81.7,77.1,86.0,6.2,4.4,8.7,POINT (-71.0651669 42.3455432)
25025070501,2223,1975,87.8,84.4,90.8,2.2,1.7,3.1,POINT (-71.0691593 42.3431213)
25025070502,3393,2907,77.7,72.3,82.6,9.6,7.1,12.0,POINT (-71.0737001 42.3411012)
25025070600,2287,2001,88.1,84.6,91.0,2.3,1.8,3.1,POINT (-71.0753887 42.3432581)
25025070700,2527,2166,83.3,78.9,87.2,3.8,2.9,5.1,POINT (-71.0761507 42.3458828)
25025070801,1056,953,82.5,78.0,86.6,5.3,4.1,7.1,POINT (-71.0825322 42.3399771)
25025070802,2685,2404,84.1,80.1,87.8,3.5,2.5,5.0,POINT (-71.0802334 42.3417055)
25025070901,1165,953,82.3,77.8,86.3,8.4,6.6,10.6,POINT (-71.0795662 42.3377169)
25025070902,2300,2007,83.7,79.5,87.4,4.3,3.1,6.1,POINT (-71.0774493 42.338807)
25025071101,4111,3744,83.6,79.3,87.4,5.3,4.1,6.9,POINT (-71.0727888 42.3359523)
25025071201,3514,2950,78.2,73.2,82.9,8.1,6.3,10.4,POINT (-71.0670373 42.3397875)
25025080100,2900,2486,79.2,74.3,83.8,10.3,8.7,12.2,POINT (-71.0705295 42.3293312)
25025080300,2236,1663,84.8,80.6,88.5,11.6,9.0,14.4,POINT (-71.0790504 42.3274519)
25025080401,3391,2709,80.2,75.4,84.7,14.0,11.9,16.3,POINT (-71.0808969 42.3321176)
25025080500,3288,2458,83.7,79.3,87.6,10.6,8.8,12.6,POINT (-71.0825085 42.3356843)
25025080601,4732,4432,79.4,74.5,83.9,7.5,5.7,10.1,POINT (-71.0880443 42.3333769)
25025080801,4282,3611,78.4,73.3,83.1,11.1,8.7,14.2,POINT (-71.0962114 42.3346063)
25025080900,4376,4092,81.9,77.3,86.0,4.5,3.4,6.1,POINT (-71.1016923 42.3323435)
25025081001,5695,4966,80.6,75.7,84.9,8.0,6.4,10.1,POINT (-71.1068296 42.3345574)
25025081101,1484,1405,84.3,80.3,87.9,3.7,2.6,5.3,POINT (-71.1124512 42.3270449)
25025081102,3165,2927,85.0,80.9,88.5,5.5,4.3,7.1,POINT (-71.1059304 42.3288046)
25025081200,3506,2650,80.4,75.2,84.9,14.0,10.9,17.8,POINT (-71.1037533 42.3243654)
25025081301,2394,1850,77.7,72.4,82.5,17.7,14.0,21.5,POINT (-71.0993402 42.3186892)
25025081302,3080,2376,78.3,73.1,83.0,16.7,13.3,20.5,POINT (-71.096562 42.3197631)
25025081400,3774,3259,84.9,80.9,88.4,6.2,4.9,7.7,POINT (-71.0937549 42.3277602)
25025081500,2449,1984,83.4,79.3,87.1,8.0,6.2,10.1,POINT (-71.0929141 42.3207186)
25025081700,4141,3135,83.6,79.3,87.5,9.8,7.8,12.0,POINT (-71.0860337 42.3226992)
25025081800,3567,2754,84.4,80.3,88.1,10.2,8.1,12.5,POINT (-71.0800303 42.3203184)
25025081900,3671,2738,85.5,81.7,89.0,9.7,7.6,12.0,POINT (-71.089652 42.3154742)
25025082000,3195,2435,84.3,80.1,88.0,10.9,8.6,13.5,POINT (-71.0839483 42.3137479)
25025082100,5224,3824,82.7,78.1,86.7,14.2,11.6,17.0,POINT (-71.0872292 42.3094485)
25025090100,5171,3768,81.5,76.9,85.8,11.8,9.4,14.3,POINT (-71.0820195 42.3023758)
25025090200,2412,1626,83.4,79.1,87.2,12.3,9.5,15.4,POINT (-71.0790559 42.3071378)
25025090300,3795,2616,78.6,73.4,83.2,14.9,11.8,18.1,POINT (-71.076505 42.3109366)
25025090400,4101,3003,83.2,78.8,87.0,9.4,7.5,11.5,POINT (-71.0747098 42.3171635)
25025090600,2450,1881,81.8,77.3,86.1,10.6,8.9,12.5,POINT (-71.0722753 42.3229604)
25025090700,4673,4204,82.5,77.9,86.5,5.1,3.7,7.2,POINT (-71.0600141 42.324115)
25025090901,3600,3083,80.7,75.8,85.1,7.8,5.9,10.3,POINT (-71.044563 42.317172)
25025091001,3255,2867,82.9,78.5,86.9,4.9,3.8,6.4,POINT (-71.0517137 42.3082205)
25025091100,4916,4287,82.6,78.1,86.6,5.1,3.7,6.8,POINT (-71.0556094 42.3156248)
25025091200,3140,2547,81.0,76.3,85.2,8.4,6.9,10.0,POINT (-71.0622198 42.3163259)
25025091300,2626,1990,77.9,72.8,82.7,10.8,9.1,12.8,POINT (-71.0668701 42.3199357)
25025091400,2886,2227,80.7,75.7,85.0,10.9,8.8,13.2,POINT (-71.0698538 42.3152689)
25025091500,4588,3509,80.2,75.4,84.6,9.2,7.7,10.8,POINT (-71.0643707 42.3114941)
25025091600,3200,2502,77.8,72.6,82.6,11.3,9.3,13.4,POINT (-71.0611919 42.3060353)
25025091700,3203,2351,80.0,75.1,84.3,10.3,8.0,12.7,POINT (-71.0659184 42.3036084)
25025091800,3718,2784,79.4,74.6,84.0,12.6,10.7,14.8,POINT (-71.0705167 42.3073664)
25025091900,4278,3172,81.4,76.7,85.6,10.4,8.6,12.6,POINT (-71.0755308 42.3008408)
25025092000,5180,3992,83.1,78.8,87.0,10.7,9.0,12.7,POINT (-71.0675668 42.2996758)
25025092101,6921,5553,78.1,72.9,82.9,8.3,6.8,9.8,POINT (-71.0541278 42.2979499)
25025092200,3602,2887,85.1,81.1,88.7,5.4,4.4,6.7,POINT (-71.0661804 42.2950131)
25025092300,3301,2408,83.1,78.7,87.1,9.4,7.4,11.8,POINT (-71.0750607 42.2939435)
25025092400,6067,4262,83.3,79.0,87.1,11.6,9.6,13.9,POINT (-71.0849902 42.2960408)
25025100100,5722,4001,84.3,80.1,88.0,11.7,9.4,14.3,POINT (-71.0873027 42.2902498)
25025100200,2919,2133,83.4,79.1,87.3,9.5,7.6,11.6,POINT (-71.0857223 42.2848003)
25025100300,3737,2832,85.5,81.6,88.8,6.9,5.5,8.6,POINT (-71.0797972 42.2827979)
25025100400,5068,4102,82.1,77.6,86.2,6.9,5.5,8.5,POINT (-71.0708444 42.2817867)
25025100500,6576,5052,85.1,81.1,88.6,7.4,5.7,9.5,POINT (-71.0707467 42.2882316)
25025100601,5342,4322,84.1,79.9,87.8,5.7,4.8,6.8,POINT (-71.0562794 42.2908491)
25025100603,2172,1808,85.8,81.9,89.1,4.0,3.0,5.2,POINT (-71.0421575 42.2914125)
25025100700,4332,3614,85.5,81.5,89.0,3.6,2.7,4.9,POINT (-71.0479602 42.2826719)
25025100800,5791,4866,84.9,81.0,88.5,4.7,3.7,5.8,POINT (-71.0636843 42.2775008)
25025100900,4148,3427,86.6,83.0,89.7,4.9,4.0,6.0,POINT (-71.0742308 42.2740065)
25025101001,5595,4469,84.6,80.4,88.3,6.3,4.9,8.0,POINT (-71.101728 42.2721326)
25025101002,5712,4413,83.4,79.0,87.1,8.9,7.2,11.1,POINT (-71.0853267 42.2740572)
25025101101,3522,2673,83.0,78.6,87.0,8.0,6.3,10.1,POINT (-71.09587930000001 42.2848807)
25025101102,4766,3438,84.4,80.1,88.1,9.0,7.0,11.2,POINT (-71.0920463 42.2787956)
25025110104,2177,1636,80.3,75.3,84.7,11.6,9.1,14.4,POINT (-71.1208887 42.2934302)
25025110105,2120,1873,86.4,82.7,89.7,3.3,2.5,4.6,POINT (-71.1114074 42.2988673)
25025110106,1356,1136,85.4,81.4,88.8,5.2,4.0,6.7,POINT (-71.116541 42.2924541)
25025110201,2091,1625,82.4,77.9,86.5,9.5,7.4,11.8,POINT (-71.1170508 42.280496)
25025110301,2500,2051,85.9,82.0,89.3,6.0,4.7,7.4,POINT (-71.1132775 42.2868052)
25025110401,3625,2947,84.9,81.0,88.4,7.2,5.4,9.1,POINT (-71.1225498 42.2864371)
25025110403,4437,3595,84.8,80.7,88.4,5.0,3.9,6.3,POINT (-71.1281223 42.2791462)
25025110501,3302,2638,86.0,82.0,89.3,3.3,2.6,4.3,POINT (-71.1414485 42.2821618)
25025110502,4000,3272,85.5,81.8,89.0,4.9,3.9,6.0,POINT (-71.132605 42.2829171)
25025110601,2639,2237,87.3,83.9,90.4,2.7,2.1,3.6,POINT (-71.1399775 42.2982511)
25025110607,5276,4440,86.1,82.3,89.4,3.1,2.3,4.0,POINT (-71.1350293 42.2902453)
25025120103,1642,1366,86.3,82.6,89.7,2.2,1.7,3.0,POINT (-71.118142 42.3117553)
25025120104,2373,2040,87.9,84.4,90.8,3.2,2.4,4.2,POINT (-71.1170951 42.3042695)
25025120105,2492,2083,86.2,82.3,89.5,2.4,1.9,3.0,POINT (-71.1262938 42.3087398)
25025120201,4360,3786,85.7,81.8,89.2,4.1,3.2,5.3,POINT (-71.1083461 42.3051903)
25025120301,5120,4337,86.0,82.2,89.3,5.5,4.3,7.0,POINT (-71.1019405 42.3126892)
25025120400,6006,5284,87.0,83.5,90.2,2.8,2.2,3.8,POINT (-71.1116638 42.3139087)
25025120500,2423,2066,85.0,81.0,88.6,7.5,5.5,9.9,POINT (-71.1042025 42.3206587)
25025120600,2566,2218,86.8,83.2,90.1,2.8,2.1,3.9,POINT (-71.1088366 42.3190999)
25025120700,2139,1927,88.1,84.8,91.0,3.3,2.5,4.5,POINT (-71.1109956 42.3243205)
25025130101,6048,5025,86.7,83.1,89.9,2.8,2.3,3.5,POINT (-71.166244 42.2922825)
25025130200,4708,3821,87.1,83.5,90.2,2.5,1.9,3.3,POINT (-71.157012 42.2873319)
25025130300,4496,3569,86.5,82.8,89.7,2.5,1.9,3.3,POINT (-71.1507116 42.2791297)
25025130402,4833,4023,85.5,81.6,89.0,3.6,2.7,4.7,POINT (-71.1668004 42.2719594)
25025130404,3073,2541,84.8,80.8,88.5,4.6,3.6,5.8,POINT (-71.1559219 42.2665157)
25025130406,5639,4137,82.7,78.2,86.7,8.0,6.7,9.6,POINT (-71.1514976 42.2600645)
25025140102,4958,3929,86.9,83.4,90.1,4.9,3.8,6.0,POINT (-71.1426123 42.2446858)
25025140105,3592,2934,83.7,79.5,87.5,8.6,6.9,10.4,POINT (-71.1251854 42.2680071)
25025140106,2178,1629,82.1,77.5,86.2,9.1,7.1,11.2,POINT (-71.1371416 42.2738738)
25025140107,2778,2220,85.3,81.3,88.7,7.2,5.4,9.1,POINT (-71.1284206 42.2577216)
25025140201,2311,1826,85.3,81.4,88.8,6.8,5.5,8.5,POINT (-71.1305801 42.2375297)
25025140202,5824,4603,84.3,80.1,88.0,5.7,4.5,7.2,POINT (-71.117543 42.2495181)
25025140300,6843,5515,86.2,82.5,89.5,7.3,5.9,9.0,POINT (-71.1188131 42.2587734)
25025140400,7859,6338,84.0,79.8,87.7,7.3,5.8,9.1,POINT (-71.1118088 42.2692219)
25025160102,3823,2724,76.5,70.9,81.7,19.8,15.4,24.5,POINT (-71.0288541 42.3921702)
25025160103,4646,3356,76.0,70.2,81.3,20.6,16.0,25.3,POINT (-71.0289262 42.3877265)
25025160200,4154,2992,79.9,74.6,84.4,26.0,20.6,31.7,POINT (-71.0357615 42.389784)
25025160300,2753,2462,83.7,79.2,87.5,7.6,5.8,9.7,POINT (-71.046734 42.3880151)
25025160400,3878,3060,79.7,74.6,84.2,13.4,9.6,17.3,POINT (-71.042496 42.395316)
25025160501,6105,4648,81.0,76.2,85.2,17.9,13.7,22.7,POINT (-71.0328709 42.398307)
25025160502,5604,4112,77.7,72.2,82.8,19.0,14.9,23.6,POINT (-71.0196353 42.3943098)
25025160601,4331,3391,84.1,79.9,87.8,12.3,9.3,15.6,POINT (-71.0274494 42.4023706)
25025160602,5493,4288,80.4,75.6,84.8,13.5,10.5,16.8,POINT (-71.0328849 42.4072505)
25025170101,4023,3194,82.8,78.3,86.8,10.2,7.9,12.7,POINT (-71.0219928 42.4080527)
25025170102,5015,3869,82.9,78.6,86.9,9.4,7.3,11.8,POINT (-71.0225866 42.4130325)
25025170200,5305,4110,78.8,73.5,83.5,10.9,8.7,13.2,POINT (-71.0198559 42.4167931)
25025170301,7045,5682,81.5,76.7,85.8,7.1,5.5,8.9,POINT (-71.0195201 42.4233532)
25025170302,4051,3300,85.3,81.3,88.8,6.1,5.0,7.6,POINT (-71.0113143 42.433429)
25025170400,5761,4442,81.8,77.2,85.9,10.7,8.5,13.3,POINT (-70.9979159 42.4237393)
25025170502,3407,2929,82.8,78.5,86.7,7.7,6.1,9.5,POINT (-70.9711474 42.4359517)
25025170503,1698,1406,83.3,78.8,87.1,8.6,6.7,10.7,POINT (-70.9861723 42.4212255)
25025170504,3157,2644,83.8,79.5,87.6,7.1,5.4,9.1,POINT (-70.9902217 42.4150328)
25025170601,6247,4923,82.9,78.4,86.8,11.0,8.5,14.0,POINT (-71.0076986 42.4073348)
25025170701,2702,2264,82.5,78.0,86.4,9.7,7.5,12.2,POINT (-70.9936992 42.402223)
25025170702,7995,6056,77.8,72.4,82.7,16.4,12.9,20.1,POINT (-70.9974087 42.4066865)
25025170800,5773,4701,81.0,76.2,85.4,10.6,8.4,13.1,POINT (-70.9867637 42.397202)
25025180101,5804,4855,86.1,82.3,89.4,4.9,3.9,6.2,POINT (-70.9750377 42.3869108)
25025180200,4326,3482,82.7,78.0,86.8,5.2,4.1,6.7,POINT (-70.9880989 42.3800132)
25025180301,3169,2553,84.2,80.1,87.9,3.4,2.6,4.4,POINT (-70.989998 42.3722211)
25025180400,1928,1571,82.0,77.5,86.2,3.9,3.0,5.0,POINT (-70.9770258 42.3773816)
25025180500,4089,3432,85.9,81.9,89.3,4.2,3.2,5.3,POINT (-70.9715805 42.3674141)
